Player,Pos,School,Year,Ht,Wt,40yd,Vertical,Bench,Broad Jump,3Cone,Shuttle,Drafted (tm/rnd/yr)
Kevin Akins,OLB,Boston Col.,2009,2-Jun,218,4.73,31.5,15,117,6.78,4.15,
Asher Allen,CB,Georgia,2009,9-May,194,4.48,35,22,115,6.93,4.3,Minnesota Vikings / 3rd / 86th pick / 2009
Roger Allen,OG,Missouri Western State,2009,3-Jun,326,5.25,,,,,,
Stanley Arnoux,ILB,Wake Forest,2009,Jun-00,232,4.56,31.5,19,121,7.22,4.39,New Orleans Saints / 4th / 118th pick / 2009
Robert Ayers,DE,Tennessee,2009,3-Jun,272,4.77,29.5,18,102,7.56,4.51,Denver Broncos / 1st / 18th pick / 2009
Chris Baker,DT,Kansas State,2009,2-Jun,326,4.94,35.5,24,106,8.06,4.9,
Ramses Barden,WR,Cal Poly,2009,6-Jun,229,4.51,33.5,17,118,,4.26,New York Giants / 3rd / 85th pick / 2009
Kevin Barnes,CB,Maryland,2009,Jun-00,187,4.45,38.5,,128,6.72,3.96,Washington Redskins / 3rd / 80th pick / 2009
Connor Barwin,OLB,Cincinnati,2009,4-Jun,256,4.47,40.5,21,128,6.87,4.18,Houston Texans / 2nd / 46th pick / 2009
Will Beatty,OT,Connecticut,2009,6-Jun,307,5.06,33.5,27,107,7.62,4.77,New York Giants / 2nd / 60th pick / 2009
Travis Beckum,TE,Wisconsin,2009,3-Jun,243,4.61,,28,,,,New York Giants / 3rd / 100th pick / 2009
Darry Beckwith,ILB,LSU,2009,Jun-00,242,4.63,26.5,23,110,7.39,4.5,
Joel Bell,OT,Furman,2009,7-Jun,315,5.11,30,27,109,7.55,4.57,
Kahlil Bell,RB,UCLA,2009,11-May,212,4.74,34.5,15,114,6.87,4.2,
Michael Bennett,DE,Texas A&M,2009,3-Jun,274,4.86,31,24,110,,,
Demonte' Bolden,DT,Tennessee,2009,3-Jun,285,4.95,31.5,,109,7.5,4.78,
Jason Boltus,QB,Hartwick,2009,3-Jun,225,4.82,31.5,26,111,7,4.47,
Rhett Bomar,QB,SMU,2009,2-Jun,225,4.7,,25,106,6.91,4.06,New York Giants / 5th / 151st pick / 2009
Alex Boone,OT,Ohio State,2009,7-Jun,328,5.16,27.5,33,103,7.83,4.69,
Ron Brace,DT,Boston Col.,2009,3-Jun,330,5.48,28,32,99,8.15,4.73,New England Patriots / 2nd / 40th pick / 2009
Tom Brandstater,QB,Fresno State,2009,5-Jun,220,4.87,28.5,,106,6.93,4.37,Denver Broncos / 6th / 174th pick / 2009
Marquez Branson,FB,Central Arkansas,2009,2-Jun,247,4.55,35,22,109,,,
Justin Brantly,P,Texas A&M,2009,3-Jun,249,4.83,,,,,,
Robert Brewster,OT,Ball State,2009,4-Jun,325,5.29,30.5,23,98,7.68,4.75,Dallas Cowboys / 3rd / 75th pick / 2009
Travis Bright,OG,BYU,2009,4-Jun,321,5.26,35.5,34,108,7.75,4.72,
Jasper Brinkley,ILB,South Carolina,2009,2-Jun,252,4.67,35.5,26,114,7.03,4.32,Minnesota Vikings / 5th / 150th pick / 2009
Kenny Britt,WR,Rutgers,2009,3-Jun,218,4.47,37,23,124,,4.47,Tennessee Titans / 1st / 30th pick / 2009
Eben Britton,OT,Arizona,2009,6-Jun,309,5.14,28.5,24,100,7.87,4.91,Jacksonville Jaguars / 2nd / 39th pick / 2009
Jared Bronson,TE,Central Washington,2009,4-Jun,253,4.7,32.5,,116,7.15,4.33,
Nathan Brown,QB,Central Arkansas,2009,1-Jun,219,4.86,30.5,,106,7.43,4.44,
Andre Brown,RB,North Carolina State,2009,Jun-00,224,4.37,37,24,115,7.35,4.33,New York Giants / 4th / 129th pick / 2009
Cody Brown,OLB,Connecticut,2009,2-Jun,244,4.76,36.5,26,120,7.1,4.4,Arizona Cardinals / 2nd / 63rd pick / 2009
Donald Brown,RB,Connecticut,2009,10-May,210,4.46,41.5,,125,6.93,4.1,Indianapolis Colts / 1st / 27th pick / 2009
Everette Brown,DE,Florida State,2009,1-Jun,256,4.65,31.5,26,114,7.55,4.53,Carolina Panthers / 2nd / 43rd pick / 2009
Rob Bruggeman,C,Iowa,2009,4-Jun,293,5.05,,30,,,,
David Bruton,S,Notre Dame,2009,2-Jun,219,4.4,41.5,19,132,6.6,4.28,Denver Broncos / 4th / 114th pick / 2009
David Buehler,K,USC,2009,2-Jun,227,4.57,,25,,,,Dallas Cowboys / 5th / 172nd pick / 2009
Joe Burnett,CB,Central Florida,2009,9-May,192,4.58,35.5,22,118,6.68,4.25,Pittsburgh Steelers / 5th / 168th pick / 2009
Darius Butler,CB,Connecticut,2009,10-May,183,4.41,43,,134,6.92,4.18,New England Patriots / 2nd / 41st pick / 2009
Deon Butler,WR,Penn State,2009,10-May,182,4.31,34.5,12,118,7.01,4.48,Seattle Seahawks / 3rd / 91st pick / 2009
Victor Butler,OLB,Oregon State,2009,2-Jun,248,4.72,33,24,113,7.21,4.4,Dallas Cowboys / 4th / 110th pick / 2009
Jairus Byrd,CB,Oregon,2009,10-May,207,4.68,,,,,,Buffalo Bills / 2nd / 42nd pick / 2009
Demetrius Byrd,WR,LSU,2009,Jun-00,199,4.35,31.5,,117,,,San Diego Chargers / 7th / 224th pick / 2009
Gerald Cadogan,OT,Penn State,2009,5-Jun,309,4.99,25,26,95,8.05,4.8,
Antoine Caldwell,C,Alabama,2009,3-Jun,309,5.24,28,23,111,7.96,5.04,Houston Texans / 3rd / 77th pick / 2009
Ian Campbell,DE,Kansas State,2009,4-Jun,265,4.99,,,109,6.93,4.28,
Trevor Canfield,OG,Cincinnati,2009,4-Jun,307,5.28,,29,,,,Arizona Cardinals / 7th / 254th pick / 2009
Hunter Cantwell,QB,Louisville,2009,4-Jun,235,5.22,26,,99,7.4,4.59,
Don Carey,CB,Norfolk State,2009,11-May,192,4.49,,18,,,,Cleveland Browns / 6th / 177th pick / 2009
Rudy Carpenter,QB,Arizona State,2009,2-Jun,218,4.89,29,11,100,7.25,4.47,
James Casey,FB,Rice,2009,3-Jun,246,4.69,36,28,111,7,4.48,Houston Texans / 5th / 152nd pick / 2009
Jonathan Casillas,OLB,Wisconsin,2009,1-Jun,228,4.5,,24,,,,
Jeremy Childs,WR,Boise State,2009,Jun-00,200,4.47,33.5,,115,6.9,4.26,
Patrick Chung,S,Oregon,2009,11-May,212,4.49,34,25,119,,,New England Patriots / 2nd / 34th pick / 2009
Chris Clemons,S,Clemson,2009,Jun-00,208,4.33,37.5,19,127,7.27,4.38,Miami Dolphins / 5th / 165th pick / 2009
Glen Coffee,RB,Alabama,2009,Jun-00,209,4.5,36,24,121,7.35,4.51,San Francisco 49ers / 3rd / 74th pick / 2009
Chase Coffman,TE,Missouri,2009,6-Jun,244,4.83,,,,,,Cincinnati Bengals / 3rd / 98th pick / 2009
Austin Collie,WR,BYU,2009,1-Jun,200,4.53,34,17,120,6.78,4.24,Indianapolis Colts / 4th / 127th pick / 2009
Britton Colquitt,P,Tennessee,2009,3-Jun,205,4.89,,,,,,
Jason Cook,FB,Mississippi,2009,11-May,244,4.71,,21,,,,
Emanuel Cook,S,South Carolina,2009,10-May,197,4.57,35,18,116,,,
Jared Cook,TE,South Carolina,2009,5-Jun,246,4.49,41,23,123,,,Tennessee Titans / 3rd / 89th pick / 2009
Jon Cooper,C,Oklahoma,2009,2-Jun,291,5.09,29.5,31,105,7.46,4.6,
Quan Cosby,WR,Texas,2009,9-May,196,4.5,,,,7.28,4.47,
Michael Crabtree,WR,Texas Tech,2009,1-Jun,215,4.54,,,,,,San Francisco 49ers / 1st / 10th pick / 2009
Aaron Curry,OLB,Wake Forest,2009,2-Jun,254,4.52,37,25,124,7.15,4.51,Seattle Seahawks / 1st / 4th pick / 2009
Brian Cushing,OLB,USC,2009,3-Jun,243,4.64,35,30,120,6.84,4.22,Houston Texans / 1st / 15th pick / 2009
Chase Daniel,QB,Missouri,2009,Jun-00,218,4.79,33,,,7.28,4.31,
Rulon Davis,DE,California,2009,5-Jun,281,5,30,20,111,,,
C.J. Davis,OG,Pittsburgh,2009,2-Jun,308,5.51,25.5,21,88,8.09,4.93,
James Davis,RB,Clemson,2009,11-May,218,4.45,32,17,109,7.15,4.37,Cleveland Browns / 6th / 195th pick / 2009
Nate Davis,QB,Ball State,2009,1-Jun,226,4.95,26.5,,99,,,San Francisco 49ers / 5th / 171st pick / 2009
Vontae Davis,CB,Illinois,2009,11-May,203,4.4,36,25,125,6.75,4.07,Miami Dolphins / 1st / 25th pick / 2009
Will Davis,DE,Illinois,2009,2-Jun,261,4.84,33,27,115,7.38,4.45,Arizona Cardinals / 6th / 204th pick / 2009
Louis Delmas,S,West. Michigan,2009,11-May,202,4.52,37,12,126,6.67,4.17,Detroit Lions / 2nd / 33rd pick / 2009
Jarett Dillard,WR,Rice,2009,10-May,191,4.5,42.5,13,129,7.1,4.41,Jacksonville Jaguars / 5th / 144th pick / 2009
Davon Drew,TE,East Carolina,2009,4-Jun,256,4.78,29.5,17,113,7.28,4.56,Baltimore Ravens / 5th / 149th pick / 2009
Dominique Edison,WR,Stephen F. Austin,2009,2-Jun,204,4.42,37,,120,,4.18,Tennessee Titans / 6th / 206th pick / 2009
Pannel Egboh,DE,Stanford,2009,6-Jun,276,4.86,31.5,26,116,7.24,4.4,
Dannell Ellerbe,ILB,Georgia,2009,1-Jun,236,4.63,35,,118,7,4.23,
Kevin Ellison,OLB,USC,2009,1-Jun,227,4.75,,32,,,,San Diego Chargers / 6th / 189th pick / 2009
Larry English,OLB,Northern Illinois,2009,2-Jun,255,4.74,36,24,107,7.26,4.38,San Diego Chargers / 1st / 16th pick / 2009
Maurice Evans,DE,Penn State,2009,1-Jun,274,4.78,29,17,107,7.32,4.57,
Paul Fanaika,OG,Arizona State,2009,5-Jun,327,5.48,,15,,,,Philadelphia Eagles / 7th / 213th pick / 2009
Marlon Favorite,DT,LSU,2009,1-Jun,314,5.09,,26,,,,
Ray Feinga,OG,BYU,2009,4-Jun,337,5.32,,30,,,,
Anthony Felder,ILB,California,2009,2-Jun,233,4.69,,28,116,,,
Robby Felix,C,Texas-El Paso,2009,3-Jun,302,5.2,29,33,97,7.96,4.73,
Tony Fiammetta,FB,Syracuse,2009,Jun-00,245,4.58,34,30,112,7.31,4.49,Carolina Panthers / 4th / 128th pick / 2009
Alex Fletcher,C,Stanford,2009,2-Jun,297,5.39,28,30,96,7.78,4.65,
Bradley Fletcher,CB,Iowa,2009,Jun-00,196,4.44,38.5,20,122,7.04,4.29,St. Louis Rams / 3rd / 66th pick / 2009
Matt Fodge,P,Oklahoma State,2009,Jun-00,193,4.93,,,,,,
Moise Fokou,OLB,Maryland,2009,1-Jun,233,4.65,31,12,121,7.09,4.28,Philadelphia Eagles / 7th / 230th pick / 2009
Zack Follett,OLB,California,2009,2-Jun,236,4.69,37,,117,7.31,,Detroit Lions / 7th / 235th pick / 2009
Arian Foster,RB,Tennessee,2009,1-Jun,226,4.69,,23,,,,
Brooks Foster,WR,North Carolina,2009,Jun-00,211,4.44,,27,,,,St. Louis Rams / 5th / 160th pick / 2009
Ramon Foster,OT,Tennessee,2009,5-Jun,328,5.57,26,20,92,7.96,4.98,
Coye Francies,CB,San Jose State,2009,Jun-00,185,4.63,36,24,123,6.81,4.24,Cleveland Browns / 6th / 191st pick / 2009
Marcus Freeman,OLB,Ohio State,2009,1-Jun,239,4.51,37,30,113,6.98,4.12,Chicago Bears / 5th / 154th pick / 2009
Josh Freeman,QB,Kansas State,2009,6-Jun,248,4.9,33.5,,119,7.11,4.43,Tampa Bay Buccaneers / 1st / 17th pick / 2009
Xavier Fulton,OT,Illinois,2009,4-Jun,302,5.01,31,27,111,7.35,4.56,Tampa Bay Buccaneers / 5th / 155th pick / 2009
Graham Gano,K,Florida State,2009,Jun-00,194,,,,,,,
Juan Garcia,OG,Washington,2009,2-Jun,307,5.28,25,34,93,8,4.87,
Andrew Gardner,OT,Georgia Tech,2009,7-Jun,304,4.96,,,,,,Miami Dolphins / 6th / 181st pick / 2009
Dan Gay,OG,Baylor,2009,4-Jun,308,5.48,22.5,18,86,8.67,5.42,
Brandon Gibson,WR,Washington State,2009,Jun-00,210,4.59,,,,,,Philadelphia Eagles / 6th / 194th pick / 2009
Jarron Gilbert,DE,San Jose State,2009,5-Jun,288,4.81,35.5,28,119,7.7,4.56,Chicago Bears / 3rd / 68th pick / 2009
Cody Glenn,OLB,Nebraska,2009,Jun-00,244,4.67,,25,,,,Washington Redskins / 5th / 158th pick / 2009
Mike Goodson,RB,Texas A&M,2009,Jun-00,208,4.43,39.5,14,118,6.89,4.22,Carolina Panthers / 4th / 111th pick / 2009
Adrian Grady,DT,Louisville,2009,1-Jun,298,5.18,32,31,105,7.68,4.72,
Tyronne Green,OG,Auburn,2009,2-Jun,309,5.4,,22,,,,San Diego Chargers / 4th / 133rd pick / 2009
Courtney Greene,S,Rutgers,2009,Jun-00,212,4.55,34.5,21,116,7.35,4.16,Seattle Seahawks / 7th / 245th pick / 2009
Shonn Greene,RB,Iowa,2009,10-May,227,4.55,37,19,121,7.1,4.4,New York Jets / 3rd / 65th pick / 2009
Sean Griffin,LS,Michigan,2009,1-Jun,242,5.08,,14,,,,
Dan Gronkowski,TE,Maryland,2009,5-Jun,255,4.79,33,26,122,6.92,4.26,Detroit Lions / 7th / 255th pick / 2009
Michael Hamlin,S,Clemson,2009,2-Jun,214,4.57,37.5,17,117,7.14,4.42,Dallas Cowboys / 5th / 166th pick / 2009
Cullen Harper,QB,Clemson,2009,3-Jun,225,4.86,30,19,105,7.43,4.49,
Graham Harrell,QB,Texas Tech,2009,2-Jun,223,4.95,29.5,,98,7.45,4.56,
Sunny Harris,DT,Michigan State,2009,4-Jun,298,4.88,25.5,28,106,8.18,4.87,
Cary Harris,CB,USC,2009,11-May,187,4.66,,18,,,,Buffalo Bills / 6th / 183rd pick / 2009
Nic Harris,OLB,Oklahoma,2009,2-Jun,234,4.83,31.5,15,109,7.05,4.37,Buffalo Bills / 5th / 147th pick / 2009
Macho Harris,CB,Virginia Tech,2009,11-May,198,4.46,33.5,,118,6.68,3.98,Philadelphia Eagles / 5th / 157th pick / 2009
Brian Hartline,WR,Ohio State,2009,2-Jun,195,4.49,34.5,,120,6.65,4.12,Miami Dolphins / 4th / 108th pick / 2009
Percy Harvin,WR,Florida,2009,11-May,192,4.39,,19,,,,Minnesota Vikings / 1st / 22nd pick / 2009
Brett Helms,C,LSU,2009,2-Jun,286,5.39,,25,,,,
Darrius Heyward-Bey,WR,Maryland,2009,2-Jun,210,4.3,38.5,16,126,6.8,4.18,Oakland Raiders / 1st / 7th pick / 2009
Sammie Hill,DT,Colorado,2009,4-Jun,329,5.12,28,27,109,7.89,4.97,
Anthony Hill,TE,North Carolina State,2009,5-Jun,262,4.84,30.5,21,107,7.31,4.56,Houston Texans / 4th / 122nd pick / 2009
P.J. Hill,RB,Wisconsin,2009,10-May,222,4.63,,,,,,
Stephen Hodge,OLB,TCU,2009,Jun-00,234,4.59,35,22,115,7.21,4.34,Dallas Cowboys / 6th / 197th pick / 2009
Chase Holbrook,QB,New Mexico State,2009,4-Jun,242,5.12,27,,108,7.93,4.65,
Lendy Holmes,S,Oklahoma,2009,Jun-00,206,4.65,32,16,112,7.28,4.32,
Ziggy Hood,DT,Missouri,2009,3-Jun,300,4.83,33,34,108,7.5,4.55,Pittsburgh Steelers / 1st / 32nd pick / 2009
Brian Hoyer,QB,Michigan State,2009,2-Jun,215,5.02,32,,109,7.1,4.42,
Kevin Huber,P,Cincinnati,2009,1-Jun,220,4.87,,,,,,Cincinnati Bengals / 5th / 142nd pick / 2009
Brandon Hughes,CB,Oregon State,2009,10-May,182,4.4,36.5,8,128,6.9,4.23,San Diego Chargers / 5th / 148th pick / 2009
Juaquin Iglesias,WR,Oklahoma,2009,1-Jun,210,4.44,34.5,,116,,4.4,Chicago Bears / 3rd / 99th pick / 2009
Cornelius Ingram,TE,Florida,2009,4-Jun,245,4.68,33,21,,7.12,4.53,Philadelphia Eagles / 5th / 153rd pick / 2009
Jake Ingram,LS,Hawaii,2009,3-Jun,232,4.9,,15,,,,New England Patriots / 6th / 198th pick / 2009
Corvey Irvin,DT,Georgia,2009,3-Jun,301,4.96,24.5,24,97,7.44,4.73,Carolina Panthers / 3rd / 93rd pick / 2009
Greg Isdaner,OG,West Virginia,2009,3-Jun,325,5.28,27,24,92,7.96,5.07,
Mortty Ivy,ILB,West Virginia,2009,1-Jun,248,4.78,25.5,18,104,7.35,4.75,
Tyson Jackson,DE,LSU,2009,4-Jun,296,4.94,28.5,,102,7.64,4.8,Kansas City Chiefs / 1st / 3rd pick / 2009
Tim Jamison,DE,Michigan,2009,2-Jun,256,4.95,30,21,107,7.56,4.6,
Ricky Jean-Francois,DT,LSU,2009,3-Jun,295,5.19,26,25,93,,,San Francisco 49ers / 7th / 244th pick / 2009
Malcolm Jenkins,CB,Ohio State,2009,Jun-00,204,4.51,33,15,124,6.59,4.08,New Orleans Saints / 1st / 14th pick / 2009
Rashad Jennings,RB,Liberty,2009,1-Jun,231,4.52,34,29,120,6.86,4.2,Jacksonville Jaguars / 7th / 250th pick / 2009
Peria Jerry,DT,Mississippi,2009,2-Jun,299,4.98,,,,,,Atlanta Falcons / 1st / 24th pick / 2009
Taurus Johnson,WR,South Florida,2009,Jun-00,206,4.49,35.5,18,121,7.37,4.24,
Bruce Johnson,CB,Miami (FL),2009,9-May,170,4.42,34.5,6,125,6.71,4.05,
David Johnson,FB,Arkansas State,2009,1-Jun,260,4.73,32.5,21,113,7.28,4.43,Pittsburgh Steelers / 7th / 241st pick / 2009
D.J. Johnson,CB,Jackson State,2009,1-Jun,197,4.5,32,7,116,7,4.3,
Gartrell Johnson,RB,Colorado State,2009,10-May,219,4.67,34,20,114,,,San Diego Chargers / 4th / 134th pick / 2009
Herman Johnson,OG,LSU,2009,7-Jun,364,5.5,,21,,,,Arizona Cardinals / 5th / 167th pick / 2009
Ian Johnson,RB,Boise State,2009,11-May,212,4.41,33,26,116,6.93,4.18,
Jeremiah Johnson,RB,Oregon,2009,9-May,209,4.57,35,20,115,,,
Manuel Johnson,WR,Oklahoma,2009,11-May,189,4.5,,,,,,Dallas Cowboys / 7th / 229th pick / 2009
Michael Johnson,DE,Georgia Tech,2009,7-Jun,266,4.61,38.5,28,128,7.42,4.37,Cincinnati Bengals / 3rd / 70th pick / 2009
Quinn Johnson,FB,LSU,2009,1-Jun,246,4.72,32,16,115,,,Green Bay Packers / 5th / 145th pick / 2009
Rashad Johnson,S,Alabama,2009,11-May,203,4.49,37,15,120,7.09,4.23,Arizona Cardinals / 3rd / 95th pick / 2009
Aaron Kelly,WR,Clemson,2009,4-Jun,204,4.49,38,11,119,7.25,4.45,
Andy Kemp,OG,Wisconsin,2009,5-Jun,313,5.35,25.5,23,91,7.86,4.86,
Anthony Kimble,RB,Stanford,2009,Jun-00,216,4.54,36,17,122,7.08,4.4,
Mitch King,DT,Iowa,2009,1-Jun,280,4.81,33.5,23,109,7.6,4.58,
Terrance Knighton,DT,Temple,2009,3-Jun,321,4.93,28,,103,7.9,4.78,Jacksonville Jaguars / 3rd / 72nd pick / 2009
Johnny Knox,WR,Abilene Christian,2009,11-May,185,4.34,35,,122,6.81,4.15,Chicago Bears / 5th / 140th pick / 2009
Troy Kropog,OT,Tulane,2009,5-Jun,309,5.3,30,21,100,7.65,4.84,Tennessee Titans / 4th / 135th pick / 2009
Paul Kruger,DE,Utah,2009,4-Jun,263,4.79,32.5,24,108,7.52,4.47,Baltimore Ravens / 2nd / 57th pick / 2009
James Laurinaitis,ILB,Ohio State,2009,2-Jun,244,4.72,33,22,115,6.93,4.24,St. Louis Rams / 2nd / 35th pick / 2009
Quinten Lawrence,WR,McNeese State,2009,Jun-00,184,4.4,,20,,,,Kansas City Chiefs / 6th / 175th pick / 2009
Andy Levitre,OG,Oregon State,2009,3-Jun,305,5.33,30.5,23,103,,4.52,Buffalo Bills / 2nd / 51st pick / 2009
DeAndre Levy,OLB,Wisconsin,2009,2-Jun,236,4.56,,19,119,,,Detroit Lions / 3rd / 76th pick / 2009
Cornelius Lewis,OT,Tennessee State,2009,3-Jun,332,5.22,24.5,29,90,,,
Keenan Lewis,CB,Oregon State,2009,1-Jun,208,4.47,33.5,19,123,,,Pittsburgh Steelers / 3rd / 96th pick / 2009
Kyle Link,OT,McNeese State,2009,5-Jun,305,5.45,,19,,,,
Phil Loadholt,OT,Oklahoma,2009,8-Jun,332,5.45,29,24,95,8.18,5.06,Minnesota Vikings / 2nd / 54th pick / 2009
Marlon Lucky,RB,Nebraska,2009,11-May,216,4.5,33.5,18,114,7.1,,
Jonathan Luigs,C,Arkansas,2009,4-Jun,301,5.14,31,26,99,7.69,4.79,Cincinnati Bengals / 4th / 106th pick / 2009
Alex Mack,C,California,2009,4-Jun,311,5.17,,,,,,Cleveland Browns / 1st / 21st pick / 2009
Jeremy Maclin,WR,Missouri,2009,Jun-00,198,4.43,,,,,,Philadelphia Eagles / 1st / 19th pick / 2009
Alex Magee,DT,Purdue,2009,3-Jun,298,4.82,29.5,30,103,7.52,4.55,Kansas City Chiefs / 3rd / 67th pick / 2009
Kaluka Maiava,OLB,USC,2009,11-May,229,4.65,,30,110,6.98,4.2,Cleveland Browns / 4th / 104th pick / 2009
Marcus Mailei,FB,Weber State,2009,Jun-00,248,4.87,35,22,113,7.36,4.33,
Brennan Marion,WR,Tulsa,2009,11-May,187,4.52,,,,,,
Sen'Derrick Marks,DT,Auburn,2009,2-Jun,306,5,33,,,,,Tennessee Titans / 2nd / 62nd pick / 2009
Orion Martin,DE,Virginia Tech,2009,2-Jun,262,4.7,32,24,108,7.9,4.63,
Sherrod Martin,CB,Troy,2009,1-Jun,198,4.43,36,12,123,6.6,3.98,Carolina Panthers / 2nd / 59th pick / 2009
Jose Martinez,K,Texas-El Paso,2009,9-May,197,4.96,,,,,,
Mohamed Massaquoi,WR,Georgia,2009,1-Jun,210,4.51,36.5,,127,,,Cleveland Browns / 2nd / 50th pick / 2009
Tim Masthay,P,Kentucky,2009,1-Jun,198,4.8,,8,,,,
Clay Matthews,OLB,USC,2009,3-Jun,240,4.58,35.5,23,121,6.9,4.18,Green Bay Packers / 1st / 26th pick / 2009
Rey Maualuga,ILB,USC,2009,2-Jun,249,4.91,,23,83,,,Cincinnati Bengals / 2nd / 38th pick / 2009
Josh Mauga,ILB,Nevada,2009,1-Jun,243,4.61,,,,,,
Aaron Maybin,DE,Penn State,2009,4-Jun,249,4.64,38,22,124,7.52,4.38,Buffalo Bills / 1st / 11th pick / 2009
Darcel McBath,S,Texas Tech,2009,Jun-00,198,4.53,38,14,119,6.8,4.16,Denver Broncos / 2nd / 48th pick / 2009
Marcus McClinton,S,Kentucky,2009,Jun-00,210,4.49,37,16,120,7.45,4.22,
LeSean McCoy,RB,Pittsburgh,2009,10-May,198,4.5,,,,,,Philadelphia Eagles / 2nd / 53rd pick / 2009
Stephen McGee,QB,Texas A&M,2009,3-Jun,225,4.61,33,,112,7.34,4.49,Dallas Cowboys / 4th / 101st pick / 2009
Ryan McKee,OT,Southern Miss,2009,6-Jun,296,5.03,,,,,,
Tyrone McKenzie,OLB,South Florida,2009,2-Jun,243,4.76,,27,112,,,New England Patriots / 3rd / 97th pick / 2009
Scott McKillop,ILB,Pittsburgh,2009,1-Jun,244,4.7,35.5,27,119,7,4.39,San Francisco 49ers / 5th / 146th pick / 2009
Kenny McKinley,WR,South Carolina,2009,Jun-00,189,4.37,37,,113,6.96,4.1,Denver Broncos / 5th / 141st pick / 2009
Gerald McRath,ILB,Southern Miss,2009,2-Jun,231,4.49,34,19,123,7.24,4.35,Tennessee Titans / 4th / 130th pick / 2009
Andrew Means,WR,Indiana,2009,1-Jun,214,4.36,34.5,12,116,6.85,4.21,
Jamon Meredith,OT,South Carolina,2009,5-Jun,304,4.99,28,31,105,8.01,4.82,Green Bay Packers / 5th / 162nd pick / 2009
Mike Mickens,CB,Cincinnati,2009,11-May,184,4.53,,,,,,Dallas Cowboys / 7th / 227th pick / 2009
Mo Miller,OG,Michigan State,2009,3-Jun,327,5.38,28.5,21,97,8.42,5.03,
Roy Miller,DT,Texas,2009,1-Jun,310,4.93,32,36,103,8.01,4.74,Tampa Bay Buccaneers / 3rd / 81st pick / 2009
Khalif Mitchell,DT,East Carolina,2009,5-Jun,318,5.04,30,30,109,7.45,4.71,
Marko Mitchell,WR,Nevada,2009,4-Jun,218,4.43,32,9,116,7.04,4.33,Washington Redskins / 7th / 243rd pick / 2009
Fili Moala,DT,USC,2009,4-Jun,305,5.07,30.5,25,100,,,Indianapolis Colts / 2nd / 56th pick / 2009
Eugene Monroe,OT,Virginia,2009,5-Jun,309,5.18,28.5,23,110,7.86,4.78,Jacksonville Jaguars / 1st / 8th pick / 2009
D.J. Moore,CB,Vanderbilt,2009,9-May,192,4.56,39.5,17,118,7.01,4.28,Chicago Bears / 4th / 119th pick / 2009
Kyle Moore,DE,USC,2009,5-Jun,272,4.76,30.5,22,105,7.4,4.47,Tampa Bay Buccaneers / 4th / 117th pick / 2009
William Moore,S,Missouri,2009,Jun-00,221,4.49,37,16,123,6.81,4.26,Atlanta Falcons / 2nd / 55th pick / 2009
Knowshon Moreno,RB,Georgia,2009,11-May,217,4.5,35.5,25,115,6.84,4.27,Denver Broncos / 1st / 12th pick / 2009
Cameron Morrah,TE,California,2009,3-Jun,244,4.61,32.5,24,115,6.99,4.36,Seattle Seahawks / 7th / 248th pick / 2009
Thomas Morstead,P,SMU,2009,4-Jun,225,4.83,,19,,,,New Orleans Saints / 5th / 164th pick / 2009
Ryan Mouton,CB,Hawaii,2009,9-May,187,4.47,39.5,18,129,,,Tennessee Titans / 3rd / 94th pick / 2009
Captain Munnerlyn,CB,South Carolina,2009,8-May,182,4.41,37.5,19,121,7.15,4.2,Carolina Panthers / 7th / 216th pick / 2009
Louis Murphy,WR,Florida,2009,2-Jun,203,4.32,,12,,,,Oakland Raiders / 4th / 124th pick / 2009
Lydon Murtha,OT,Nebraska,2009,7-Jun,306,4.82,35,25,110,7.06,4.34,Detroit Lions / 7th / 228th pick / 2009
Rob Myers,FB,Utah State,2009,3-Jun,243,4.58,,,,,,
Shawn Nelson,TE,Southern Miss,2009,5-Jun,240,4.52,33,19,115,6.96,4.46,Buffalo Bills / 4th / 121st pick / 2009
Hakeem Nicks,WR,North Carolina,2009,1-Jun,212,4.51,36,,,,,New York Giants / 1st / 29th pick / 2009
Troy Nolan,S,Arizona State,2009,Jun-00,206,4.58,31.5,12,117,7.06,4.3,Houston Texans / 7th / 223rd pick / 2009
Jordan Norwood,WR,Penn State,2009,11-May,179,4.58,38,,119,6.8,4.2,
Chris Ogbonnaya,RB,Texas,2009,Jun-00,220,4.57,35,19,111,6.85,4.29,St. Louis Rams / 7th / 211th pick / 2009
Kevin Ogletree,WR,Virginia,2009,Jun-00,196,4.36,36,,122,6.67,4.08,
Michael Oher,OT,Mississippi,2009,4-Jun,309,5.16,30.5,21,103,7.81,4.6,Baltimore Ravens / 1st / 23rd pick / 2009
Seth Olsen,OG,Iowa,2009,5-Jun,306,5.23,24.5,23,90,7.59,4.7,Denver Broncos / 4th / 132nd pick / 2009
Brian Orakpo,DE,Texas,2009,3-Jun,263,4.63,39.5,31,,,,Washington Redskins / 1st / 13th pick / 2009
Branden Ore,RB,West Liberty,2009,11-May,214,4.61,36,21,112,7.35,4.44,
Greg Orton,WR,Purdue,2009,3-Jun,207,4.61,38,22,125,6.9,4.33,
Wopamo Osaisai,CB,Stanford,2009,10-May,197,4.44,,14,,,,
Chris Owens,CB,San Jose State,2009,10-May,181,4.44,34.5,14,110,6.93,4.16,Atlanta Falcons / 3rd / 90th pick / 2009
Curtis Painter,QB,Purdue,2009,3-Jun,225,4.87,29,,102,7,4.48,Indianapolis Colts / 6th / 201st pick / 2009
Ryan Palmer,CB,Texas,2009,8-May,190,4.54,36.5,16,121,7.12,4.29,
Anthony Parker,OG,Tennessee,2009,2-Jun,297,5.08,,24,,,,
Augustus Parrish,OT,Kent State,2009,4-Jun,302,5.29,,21,78,,,
Bear Pascoe,TE,Fresno State,2009,5-Jun,251,4.89,26.5,,107,7.65,4.55,San Francisco 49ers / 6th / 184th pick / 2009
Darius Passmore,WR,Marshall,2009,Jun-00,188,4.46,33.5,,,,,
Cedric Peerman,RB,Virginia,2009,9-May,216,4.34,40,27,117,6.99,4.29,Baltimore Ravens / 6th / 185th pick / 2009
Derek Pegues,S,Mississippi State,2009,10-May,199,4.54,36,23,119,7.08,4.3,
Brandon Pettigrew,TE,Oklahoma State,2009,5-Jun,263,4.8,33,22,118,7.12,4.37,Detroit Lions / 1st / 20th pick / 2009
Jason Phillips,ILB,TCU,2009,1-Jun,239,4.6,34,20,120,,4.32,Baltimore Ravens / 5th / 137th pick / 2009
John Phillips,TE,Virginia,2009,5-Jun,251,4.78,33.5,20,112,6.84,4.27,Dallas Cowboys / 6th / 208th pick / 2009
Zach Potter,DE,Nebraska,2009,7-Jun,279,4.9,31,20,106,7.75,4.48,
Jerraud Powers,CB,Auburn,2009,9-May,188,4.43,36.5,15,122,7.09,4.08,Indianapolis Colts / 3rd / 92nd pick / 2009
Myron Pryor,DT,Kentucky,2009,Jun-00,319,5.03,30,,107,8.16,4.75,New England Patriots / 6th / 207th pick / 2009
Glover Quin,S,New Mexico,2009,11-May,204,4.5,38,22,119,7.39,4.43,Houston Texans / 4th / 112th pick / 2009
Richard Quinn,TE,North Carolina,2009,4-Jun,264,4.88,32.5,24,119,7.5,4.62,Denver Broncos / 2nd / 64th pick / 2009
B.J. Raji,DT,Boston Col.,2009,1-Jun,337,5.12,32,33,103,7.9,4.69,Green Bay Packers / 1st / 9th pick / 2009
Mike Reilly,QB,Central Washington,2009,3-Jun,214,4.74,30.5,,109,6.76,4.11,
Garrett Reynolds,OT,North Carolina,2009,8-Jun,309,5.32,22,19,94,7.87,4.88,Atlanta Falcons / 5th / 156th pick / 2009
Darryl Richard,DT,Georgia Tech,2009,2-Jun,303,5.08,25.5,17,,,,New England Patriots / 7th / 234th pick / 2009
David Richmond,WR,San Jose State,2009,2-Jun,197,4.59,36.5,,,,4.42,
Javon Ringer,RB,Michigan State,2009,9-May,205,4.5,34,23,115,6.87,4.11,Tennessee Titans / 5th / 173rd pick / 2009
Duke Robinson,OG,Oklahoma,2009,5-Jun,329,5.32,,,,,,Carolina Panthers / 5th / 163rd pick / 2009
Lee Robinson,OLB,Alcorn State,2009,2-Jun,249,4.71,32.5,24,113,7.57,4.67,
Brian Robiskie,WR,Ohio State,2009,3-Jun,209,4.46,37.5,,,6.72,4.19,Cleveland Browns / 2nd / 36th pick / 2009
Louie Sakoda,K,Utah,2009,8-May,176,4.82,,,,,,
Mark Sanchez,QB,USC,2009,2-Jun,227,4.93,32.5,,116,7.06,4.21,New York Jets / 1st / 5th pick / 2009
Jamarca Sanford,S,Mississippi,2009,10-May,214,4.43,33.5,29,116,7.02,4.2,Minnesota Vikings / 7th / 231st pick / 2009
Lydell Sargeant,CB,Penn State,2009,9-May,190,4.48,35,15,117,7,4.21,
Bernard Scott,RB,Abilene Christian,2009,10-May,200,4.44,36,21,125,6.82,4.08,Cincinnati Bengals / 6th / 209th pick / 2009
Darell Scott,DT,Clemson,2009,3-Jun,312,4.92,30.5,29,107,8.28,4.84,St. Louis Rams / 4th / 103rd pick / 2009
Matt Shaughnessy,DE,Wisconsin,2009,5-Jun,266,4.86,30.5,24,112,7.68,4.88,Oakland Raiders / 3rd / 71st pick / 2009
Kory Sheets,RB,Purdue,2009,11-May,208,4.39,37,15,121,7.18,4.39,
A.Q. Shipley,C,Penn State,2009,1-Jun,304,5.19,31,33,100,7.46,4.4,Pittsburgh Steelers / 7th / 226th pick / 2009
Lawrence Sidbury,DE,Richmond,2009,2-Jun,266,4.53,35,28,120,7.46,4.43,Atlanta Falcons / 4th / 125th pick / 2009
Clint Sintim,OLB,Virginia,2009,3-Jun,256,4.75,34.5,,119,7.37,4.4,New York Giants / 2nd / 45th pick / 2009
Matt Slauson,OG,Nebraska,2009,5-Jun,316,5.26,34,,110,7.86,4.86,New York Jets / 6th / 193rd pick / 2009
Alphonso Smith,CB,Wake Forest,2009,9-May,193,4.47,34,13,125,7.09,4.38,Denver Broncos / 2nd / 37th pick / 2009
Andre Smith,OT,Alabama,2009,4-Jun,332,5.28,,,,,,Cincinnati Bengals / 1st / 6th pick / 2009
DeAngelo Smith,CB,Cincinnati,2009,11-May,194,4.5,31.5,17,109,7.27,4.35,Dallas Cowboys / 5th / 143rd pick / 2009
Jason Smith,OT,Baylor,2009,5-Jun,309,5.09,24,33,96,7.53,4.69,St. Louis Rams / 1st / 2nd pick / 2009
Sean Smith,CB,Utah,2009,3-Jun,214,4.47,34,10,119,6.92,4.15,Miami Dolphins / 2nd / 61st pick / 2009
Brannan Southerland,FB,Georgia,2009,Jun-00,242,4.69,38,28,120,7.4,4.4,
Kory Sperry,TE,Colorado State,2009,5-Jun,238,4.69,33.5,20,122,7,4.24,
C.J. Spillman,S,Marshall,2009,Jun-00,197,4.45,41.5,,122,7.05,4.33,
Matthew Stafford,QB,Georgia,2009,2-Jun,225,4.81,30.5,,107,7.06,4.47,Detroit Lions / 1st / 1st pick / 2009
Sammie Stroughter,WR,Oregon State,2009,9-May,189,4.45,30,13,110,7.03,4.28,Tampa Bay Buccaneers / 7th / 233rd pick / 2009
Stryker Sulak,DE,Missouri,2009,4-Jun,251,4.63,31,22,113,7.31,4.58,Oakland Raiders / 6th / 199th pick / 2009
Tyrell Sutton,RB,Northwestern,2009,8-May,211,4.64,33,,114,6.94,4.32,
Sam Swank,K,Wake Forest,2009,Jun-00,193,4.95,,,,,,
Nate Swift,WR,Nebraska,2009,1-Jun,203,4.63,35.5,12,110,6.78,4.24,
Brandon Tate,WR,North Carolina,2009,Jun-00,183,4.52,,,,,,New England Patriots / 3rd / 83rd pick / 2009
Terrance Taylor,DT,Michigan,2009,Jun-00,306,5.08,30,37,104,7.78,5.06,Indianapolis Colts / 4th / 136th pick / 2009
Curtis Taylor,S,LSU,2009,2-Jun,209,4.49,37.5,13,129,7.25,4.23,San Francisco 49ers / 7th / 219th pick / 2009
Jaimie Thomas,OG,Maryland,2009,4-Jun,323,5.29,,20,,,,Indianapolis Colts / 7th / 236th pick / 2009
Mike Thomas,WR,Arizona,2009,8-May,195,4.3,40.5,,126,6.65,4.28,Jacksonville Jaguars / 4th / 107th pick / 2009
Morgan Trent,CB,Michigan,2009,1-Jun,193,4.5,38,23,127,7.05,4.01,Cincinnati Bengals / 6th / 179th pick / 2009
Fenuki Tupou,OT,Oregon,2009,5-Jun,314,5.2,25.5,24,94,8.33,5.02,Philadelphia Eagles / 5th / 159th pick / 2009
Patrick Turner,WR,USC,2009,5-Jun,223,4.59,,,,,,Miami Dolphins / 3rd / 87th pick / 2009
Brandon Underwood,S,Cincinnati,2009,1-Jun,198,4.48,36.5,16,125,7,4.2,Green Bay Packers / 6th / 187th pick / 2009
Tiquan Underwood,WR,Rutgers,2009,1-Jun,184,4.31,41.5,7,129,6.62,4.11,Jacksonville Jaguars / 7th / 253rd pick / 2009
Max Unger,C,Oregon,2009,5-Jun,309,5.26,24.5,22,93,7.39,4.5,Seattle Seahawks / 2nd / 49th pick / 2009
Kraig Urbik,OG,Wisconsin,2009,5-Jun,328,5.25,24,29,94,7.87,4.89,Pittsburgh Steelers / 3rd / 79th pick / 2009
Jose Valdez,OT,Arkansas,2009,4-Jun,315,5.16,29.5,15,100,7.93,4.93,
Louis Vasquez,OG,Texas Tech,2009,5-Jun,333,5.22,,39,,,,San Diego Chargers / 3rd / 78th pick / 2009
Chip Vaughn,S,Wake Forest,2009,1-Jun,221,4.42,37,21,125,7.03,4.12,New Orleans Saints / 4th / 116th pick / 2009
David Veikune,DE,Hawaii,2009,2-Jun,257,4.75,33,35,110,7.2,4.46,Cleveland Browns / 2nd / 52nd pick / 2009
Brandon Walker,OG,Notre Dame,2009,3-Jun,306,5.09,34,26,109,,5.07,
Derek Walker,DE,Illinois,2009,4-Jun,268,4.98,37.5,24,115,7.31,4.41,
Vance Walker,DT,Georgia Tech,2009,2-Jun,304,5.32,33,29,,,,Atlanta Falcons / 7th / 210th pick / 2009
Mike Wallace,WR,Mississippi,2009,Jun-00,199,4.33,40,14,129,6.9,4.27,Pittsburgh Steelers / 3rd / 84th pick / 2009
Donald Washington,CB,Ohio State,2009,Jun-00,197,4.5,45,9,135,6.84,4.2,Kansas City Chiefs / 4th / 102nd pick / 2009
Jason Watkins,OT,Florida,2009,6-Jun,318,5.51,24.5,18,90,7.89,5.03,
Lardarius Webb,CB,Nicholls State,2009,10-May,179,4.35,36.5,15,121,6.77,4.1,Baltimore Ravens / 3rd / 88th pick / 2009
Beanie Wells,RB,Ohio State,2009,1-Jun,235,4.38,33.5,25,128,,,Arizona Cardinals / 1st / 31st pick / 2009
Pat White,QB,West Virginia,2009,Jun-00,197,4.55,35,,117,7.06,4.42,Miami Dolphins / 2nd / 44th pick / 2009
Otis Wiley,S,Michigan State,2009,1-Jun,213,4.64,,,,,,
Jaison Williams,WR,Oregon,2009,4-Jun,237,4.47,35.5,14,118,7.37,4.56,
Worrell Williams,ILB,California,2009,11-May,240,4.75,35,23,111,,,
Brandon Williams,DE,Texas Tech,2009,2-Jun,261,4.78,33,,112,7.23,4.49,Dallas Cowboys / 4th / 120th pick / 2009
Derrick Williams,WR,Penn State,2009,11-May,194,4.47,33,15,,,,Detroit Lions / 3rd / 82nd pick / 2009
Eddie Williams,FB,Idaho,2009,1-Jun,239,4.79,,23,,,,Washington Redskins / 7th / 221st pick / 2009
Edwin Williams,C,Maryland,2009,2-Jun,308,5.4,28.5,22,99,8.15,4.98,
Javarris Williams,RB,Tennessee State,2009,9-May,223,4.51,33.5,25,116,,,Kansas City Chiefs / 7th / 212th pick / 2009
Drew Willy,QB,Buffalo,2009,3-Jun,215,4.9,30.5,,109,7.18,4.45,
John Parker Wilson,QB,Alabama,2009,1-Jun,219,4.75,29.5,,105,7.53,4.59,
Eric Wood,C,Louisville,2009,4-Jun,310,5.19,30.5,30,99,7.56,4.51,Buffalo Bills / 1st / 28th pick / 2009
Morris Wooten,ILB,Arizona State,2009,Jun-00,231,5,,15,117,,,
Jahi Word-Daniels,CB,Georgia Tech,2009,Jun-00,197,4.59,35.5,24,122,,,
DeAndre Wright,CB,New Mexico,2009,11-May,198,4.52,34.5,17,122,7,4.44,New York Giants / 6th / 200th pick / 2009
Jarius Wynn,DE,Georgia,2009,3-Jun,275,4.94,31.5,19,107,7.4,4.58,Green Bay Packers / 6th / 182nd pick / 2009